{
  "classes": [
    {
      "label": "D",
      "tid": 2
    },
    {
      "label": "E",
      "tid": 3
    },
    {
      "label": "E",
      "tid": 5
    },
    {
      "label": "E",
      "tid": 7
    },
    {
      "label": "E",
      "tid": 9
    },
    {
      "label": "E",
      "tid": 10
    },
    {
      "label": "D",
      "tid": 12
    },
    {
      "label": "E",
      "tid": 13
    },
    {
      "label": "E",
      "tid": 14
    },
    {
      "label": "E",
      "tid": 16
    },
    {
      "label": "D",
      "tid": 17
    },
    {
      "label": "D",
      "tid": 18
    },
    {
      "label": "D",
      "tid": 19
    },
    {
      "label": "D",
      "tid": 20
    },
    {
      "label": "E",
      "tid": 23
    },
    {
      "label": "E",
      "tid": 24
    },
    {
      "label": "E",
      "tid": 25
    },
    {
      "label": "E",
      "tid": 26
    },
    {
      "label": "D",
      "tid": 29
    },
    {
      "label": "E",
      "tid": 30
    },
    {
      "label": "E",
      "tid": 34
    },
    {
      "label": "D",
      "tid": 37
    },
    {
      "label": "E",
      "tid": 38
    },
    {
      "label": "D",
      "tid": 39
    },
    {
      "label": "D",
      "tid": 43
    },
    {
      "label": "D",
      "tid": 44
    },
    {
      "label": "D",
      "tid": 45
    },
    {
      "label": "E",
      "tid": 47
    },
    {
      "label": "E",
      "tid": 50
    },
    {
      "label": "E",
      "tid": 53
    },
    {
      "label": "D",
      "tid": 54
    },
    {
      "label": "D",
      "tid": 55
    },
    {
      "label": "D",
      "tid": 56
    },
    {
      "label": "E",
      "tid": 58
    },
    {
      "label": "E",
      "tid": 59
    },
    {
      "label": "D",
      "tid": 63
    },
    {
      "label": "E",
      "tid": 64
    },
    {
      "label": "D",
      "tid": 66
    },
    {
      "label": "D",
      "tid": 67
    },
    {
      "label": "E",
      "tid": 68
    },
    {
      "label": "C",
      "tid": 69
    },
    {
      "label": "C",
      "tid": 70
    },
    {
      "label": "C",
      "tid": 74
    },
    {
      "label": "C",
      "tid": 75
    },
    {
      "label": "C",
      "tid": 77
    },
    {
      "label": "C",
      "tid": 78
    },
    {
      "label": "C",
      "tid": 79
    },
    {
      "label": "C",
      "tid": 80
    },
    {
      "label": "C",
      "tid": 81
    },
    {
      "label": "C",
      "tid": 84
    },
    {
      "label": "C",
      "tid": 86
    },
    {
      "label": "C",
      "tid": 88
    },
    {
      "label": "C",
      "tid": 89
    },
    {
      "label": "C",
      "tid": 90
    },
    {
      "label": "C",
      "tid": 91
    },
    {
      "label": "C",
      "tid": 94
    },
    {
      "label": "C",
      "tid": 96
    },
    {
      "label": "C",
      "tid": 97
    },
    {
      "label": "C",
      "tid": 99
    },
    {
      "label": "C",
      "tid": 100
    }
  ],
  "shapelets": [
    {
      "start": 56,
      "end": 63,
      "trajectory": 13,
      "label": "E",
      "features": {},
      "maxValues": {
        "space": -1.0,
        "points": -1.0
      },
      "distances": [
        0.02505044909777028,
        0.03521008378291586,
        0.02394297913794442,
        0.01976018724607577,
        0.02077946702877719,
        0.020608766338626697,
        0.029653372489482355,
        0.0,
        0.013067230004862453,
        0.01322894553620851,
        0.0323316988418496,
        0.035130435522492245,
        0.03704817809285628,
        0.037048178092856494,
        0.018041202842383218,
        0.013565258935973108,
        0.012546314199795924,
        0.007559017793337439,
        0.006333837699215107,
        0.011762333952068134,
        0.018512394496660246,
        0.03474645665388055,
        0.019187984521569636,
        0.0085900378346076,
        0.03284212234311348,
        0.008237035267617659,
        0.037796279578815095,
        0.023723248091271572,
        0.01718465885608502,
        0.025381046077733616,
        0.043428821075411385,
        0.028025122658072627,
        0.03085172199408033,
        0.036161357137144634,
        0.020364399082712818,
        0.05045365447616178,
        0.014277210862069678,
        0.011075648965184445,
        0.006460456640207322,
        0.019766733417537766,
        0.046330092812339047,
        0.039787623703860846,
        0.04237320792670755,
        0.03844318860344399,
        0.037958744051930705,
        0.04333364743475999,
        0.04069895576055969,
        0.042217739162584145,
        1.7976931348623157E308,
        0.03874851610062033,
        0.0444249507596794,
        0.04871098438750638,
        0.0428249343256939,
        0.04231103579445921,
        0.03935420879651879,
        0.041912319191378535,
        0.042028517104461996,
        0.06363165485825453,
        0.050647828186407826,
        0.061643521557416564
      ],
      "positions": [
        1,
        80,
        123,
        163,
        186,
        142,
        86,
        56,
        18,
        42,
        14,
        19,
        72,
        92,
        186,
        39,
        176,
        107,
        123,
        78,
        24,
        42,
        93,
        53,
        100,
        36,
        148,
        74,
        216,
        76,
        126,
        0,
        111,
        0,
        205,
        70,
        143,
        27,
        38,
        114,
        9,
        12,
        29,
        19,
        106,
        101,
        91,
        40,
        -1,
        67,
        20,
        94,
        105,
        13,
        67,
        0,
        18,
        67,
        0,
        1
      ],
      "quality": {
        "data": {
          "size": 8.0,
          "start": 56.0,
          "splitpoint": 0.0378775118153729,
          "maxDistance": 0.06363165485825453,
          "tid": 13.0,
          "quality": 0.7007447479358004,
          "bestDistBetweenValues": 0.0
        }
      }
    },
    {
      "start": 157,
      "end": 158,
      "trajectory": 10,
      "label": "E",
      "features": {},
      "maxValues": {
        "space": -1.0,
        "points": -1.0
      },
      "distances": [
        0.03857888023258161,
        0.05962042435273403,
        0.004183897704294288,
        0.00318904374381996,
        0.0019786358937388853,
        0.0,
        0.05463130970423527,
        0.007067531393630798,
        0.009906815835573799,
        0.010261578825893469,
        0.0114039466852468,
        0.05951579622251764,
        0.05785801586642802,
        0.016191664522215453,
        0.003758989225841059,
        0.002954657340537649,
        0.015994530315078265,
        0.011102026841975633,
        0.023233058343664688,
        0.004129769969380173,
        0.016295551540221886,
        0.031985543609574466,
        0.007968374991175609,
        0.00206760731281155,
        0.05630777033412028,
        0.03057572566595942,
        0.06123124202561894,
        0.018354018633530346,
        0.006409758185765665,
        0.011466908912170008,
        0.06804546274366755,
        0.009424966843443967,
        0.008033056703397915,
        0.015013493930462984,
        0.02013578903345972,
        0.0740176668100256,
        0.009482088377566596,
        0.005786190456594515,
        0.007196874321535408,
        0.0074879903846097285,
        0.06544574088510208,
        0.0607249948538496,
        0.063291824116548,
        0.06005022897541747,
        0.06199955645002567,
        0.06297963956708878,
        0.06277495519711733,
        0.06288203240990346,
        0.06613043928479602,
        0.05876669975419742,
        0.06654119025085072,
        0.06470479116726974,
        0.06413477995596654,
        0.0645725173738812,
        0.05978285707458601,
        0.06276993707181992,
        0.06215504806530257,
        0.07875728537728992,
        0.07118381136185427,
        0.08499720583642477
      ],
      "positions": [
        3,
        85,
        119,
        50,
        167,
        157,
        146,
        46,
        41,
        58,
        63,
        38,
        76,
        2,
        181,
        61,
        97,
        128,
        114,
        7,
        51,
        8,
        125,
        6,
        1,
        63,
        148,
        76,
        214,
        16,
        103,
        0,
        163,
        6,
        2,
        53,
        162,
        64,
        0,
        73,
        107,
        18,
        29,
        20,
        110,
        104,
        91,
        46,
        0,
        68,
        20,
        94,
        109,
        13,
        69,
        1,
        47,
        0,
        1,
        2
      ],
      "quality": {
        "data": {
          "size": 2.0,
          "start": 157.0,
          "splitpoint": 0.05970164071366002,
          "maxDistance": 0.08499720583642477,
          "tid": 10.0,
          "quality": 0.5608166160264532,
          "bestDistBetweenValues": 0.0
        }
      }
    },
    {
      "start": 37,
      "end": 38,
      "trajectory": 96,
      "label": "C",
      "features": {},
      "maxValues": {
        "space": -1.0,
        "points": -1.0
      },
      "distances": [
        0.004846648326420149,
        0.002674883175018868,
        0.05896469282545339,
        0.021674870241825534,
        0.057187192622123975,
        0.006137181763642227,
        0.012211879462227822,
        0.016478167373829282,
        0.00651076032426138,
        0.00611514513319576,
        0.07231120245162516,
        0.021744309600444326,
        0.011801482957665786,
        0.07731768879111914,
        0.01691345618139466,
        0.028850736559053968,
        0.006328506932917715,
        0.01890238080242738,
        0.022459964381093888,
        0.03025913085334722,
        0.008994998610338105,
        0.026411929123030146,
        0.008616843969806626,
        0.04206691098713988,
        0.0191695070359151,
        0.03612353803270131,
        0.0021424285285604116,
        0.012102685652365441,
        0.007268424863748238,
        0.025109659495898204,
        0.003853569773603453,
        0.05437618964215576,
        0.07097362186051778,
        0.004888251221042618,
        0.01769999999999864,
        0.008479976415061857,
        0.0017621010186665404,
        0.040783452526729234,
        0.03337221898525694,
        0.0043629118716749715,
        0.0015000000000000124,
        5.612486080177504E-4,
        4.7434164902878577E-4,
        2.9999999999996696E-4,
        0.0012903487900546773,
        0.0012369316876867775,
        6.363961030712245E-4,
        0.0014543039572254028,
        0.0015588457268134418,
        0.001601561737806787,
        0.0011022703842511303,
        0.0046378874501223424,
        6.363961030712245E-4,
        9.000000000013071E-4,
        3.000000000012993E-4,
        9.721111047615174E-4,
        0.0,
        0.013531629613612593,
        0.010903669107232419,
        0.020001249960937866
      ],
      "positions": [
        25,
        104,
        127,
        178,
        190,
        68,
        35,
        98,
        190,
        20,
        17,
        10,
        109,
        107,
        107,
        67,
        0,
        156,
        141,
        40,
        13,
        230,
        23,
        57,
        12,
        8,
        194,
        240,
        134,
        123,
        91,
        1,
        20,
        1,
        196,
        53,
        65,
        32,
        78,
        153,
        107,
        66,
        34,
        72,
        85,
        102,
        1,
        39,
        0,
        15,
        20,
        96,
        105,
        19,
        64,
        15,
        37,
        0,
        1,
        2
      ],
      "quality": {
        "data": {
          "size": 2.0,
          "start": 37.0,
          "splitpoint": 0.0016818313782366637,
          "maxDistance": 0.07731768879111914,
          "tid": 96.0,
          "quality": 0.4996420484199689,
          "bestDistBetweenValues": 0.0
        }
      }
    },
    {
      "start": 42,
      "end": 107,
      "trajectory": 69,
      "label": "C",
      "features": {},
      "maxValues": {
        "space": -1.0,
        "points": -1.0
      },
      "distances": [
        0.03438932841872481,
        0.011471189206798918,
        0.09608874449269186,
        0.06511667151422053,
        0.08897338723665393,
        0.056898785735565775,
        0.030665971665378898,
        0.0569023925044215,
        0.04335228839508791,
        0.05417270362628912,
        0.09713279101780749,
        1.7976931348623157E308,
        0.019362663227787773,
        0.10019737340052168,
        0.06198211252230107,
        0.08136033487461251,
        0.04500951414574862,
        0.03747016995375949,
        0.052794627825875046,
        0.07132258981684415,
        0.04334997640766889,
        0.04015387448757145,
        0.03201916329609209,
        0.07487580626368112,
        0.04193956691153648,
        0.06015651177628994,
        0.010978946794993142,
        0.05067111872385729,
        0.050377714228704816,
        0.06153518948905962,
        0.009704965926595106,
        1.7976931348623157E308,
        0.09398870338310014,
        0.10252751958731479,
        0.042128796025348865,
        0.009664626221432767,
        0.023295863854496817,
        0.07776705600702635,
        0.07110781506723679,
        0.02374027073446076,
        0.0,
        0.018646532702305558,
        0.010984907000889227,
        0.015344009787654265,
        0.013250986241168584,
        0.013581019509193886,
        0.013571929587471068,
        0.016705170674755788,
        1.7976931348623157E308,
        0.01827871340210635,
        0.014385361878091406,
        0.015569112779066243,
        0.013138648747458428,
        0.012258021492438365,
        0.01602259767839269,
        0.013277047864642962,
        0.015182166571941432,
        0.01556779893357968,
        0.01384862973201909,
        0.014095792408956368
      ],
      "positions": [
        113,
        4,
        67,
        36,
        154,
        24,
        1,
        54,
        67,
        19,
        8,
        -1,
        2,
        59,
        60,
        8,
        187,
        0,
        96,
        24,
        63,
        57,
        1,
        25,
        0,
        0,
        207,
        96,
        96,
        78,
        189,
        -1,
        99,
        0,
        133,
        92,
        35,
        0,
        76,
        157,
        42,
        46,
        37,
        52,
        7,
        1,
        6,
        1,
        -1,
        0,
        2,
        0,
        6,
        38,
        0,
        57,
        57,
        9,
        36,
        26
      ],
      "quality": {
        "data": {
          "size": 66.0,
          "start": 42.0,
          "splitpoint": 0.019004597965046666,
          "maxDistance": 0.10252751958731479,
          "tid": 69.0,
          "quality": 0.4775356402216852,
          "bestDistBetweenValues": 0.0
        }
      }
    }
  ]
}