{
  "classes": [
    {
      "label": "D",
      "tid": 1
    },
    {
      "label": "E",
      "tid": 4
    },
    {
      "label": "E",
      "tid": 6
    },
    {
      "label": "E",
      "tid": 8
    },
    {
      "label": "D",
      "tid": 11
    },
    {
      "label": "E",
      "tid": 15
    },
    {
      "label": "D",
      "tid": 21
    },
    {
      "label": "D",
      "tid": 22
    },
    {
      "label": "E",
      "tid": 27
    },
    {
      "label": "E",
      "tid": 28
    },
    {
      "label": "E",
      "tid": 31
    },
    {
      "label": "E",
      "tid": 32
    },
    {
      "label": "E",
      "tid": 33
    },
    {
      "label": "D",
      "tid": 35
    },
    {
      "label": "E",
      "tid": 36
    },
    {
      "label": "D",
      "tid": 40
    },
    {
      "label": "E",
      "tid": 41
    },
    {
      "label": "E",
      "tid": 42
    },
    {
      "label": "D",
      "tid": 46
    },
    {
      "label": "D",
      "tid": 48
    },
    {
      "label": "D",
      "tid": 49
    },
    {
      "label": "E",
      "tid": 51
    },
    {
      "label": "D",
      "tid": 52
    },
    {
      "label": "E",
      "tid": 57
    },
    {
      "label": "E",
      "tid": 60
    },
    {
      "label": "E",
      "tid": 61
    },
    {
      "label": "D",
      "tid": 62
    },
    {
      "label": "D",
      "tid": 65
    },
    {
      "label": "C",
      "tid": 71
    },
    {
      "label": "C",
      "tid": 72
    },
    {
      "label": "C",
      "tid": 73
    },
    {
      "label": "C",
      "tid": 76
    },
    {
      "label": "C",
      "tid": 82
    },
    {
      "label": "C",
      "tid": 83
    },
    {
      "label": "C",
      "tid": 85
    },
    {
      "label": "C",
      "tid": 87
    },
    {
      "label": "C",
      "tid": 92
    },
    {
      "label": "C",
      "tid": 93
    },
    {
      "label": "C",
      "tid": 95
    },
    {
      "label": "C",
      "tid": 98
    },
    {
      "label": "C",
      "tid": 101
    },
    {
      "label": "C",
      "tid": 102
    }
  ],
  "shapelets": [
    {
      "start": 56,
      "end": 63,
      "trajectory": 13,
      "label": "E",
      "features": {},
      "maxValues": {
        "space": -1.0,
        "points": -1.0
      },
      "distances": [
        0.004522444029504437,
        0.00515048541401541,
        0.017283228865000885,
        0.00789675566292967,
        0.03208685478509925,
        0.007173388320732098,
        0.0367253488751299,
        0.02127278190552412,
        0.0061655291743690395,
        0.036037324401237886,
        0.021222217132053856,
        0.01949538406905579,
        0.017377032255250616,
        0.03572866496246578,
        0.03277251134716458,
        0.02058664615715851,
        0.02004030314141983,
        0.021777138241744445,
        0.015291173924849409,
        0.02904834332625543,
        0.017527228816900997,
        0.035107531243309696,
        0.03611699738350299,
        0.024399103467135745,
        0.017915426313655336,
        0.021242616364281746,
        0.014062849995644033,
        0.0388978951872712,
        0.037874034641162874,
        0.03970738281478645,
        0.03823411434831446,
        0.04370524854065056,
        0.0507197446760129,
        0.06252400538992875,
        0.03546429542511723,
        0.04151167004590344,
        0.04136438685632909,
        0.039712340651239096,
        0.041779779798366806,
        0.04715132553810165,
        0.06119852939409424,
        0.043733296811466656
      ],
      "positions": [
        141,
        18,
        154,
        105,
        131,
        11,
        30,
        16,
        48,
        17,
        129,
        159,
        167,
        77,
        158,
        22,
        159,
        150,
        46,
        174,
        104,
        61,
        0,
        18,
        187,
        121,
        107,
        7,
        97,
        100,
        38,
        0,
        0,
        29,
        92,
        9,
        71,
        9,
        105,
        114,
        0,
        16
      ],
      "quality": {
        "data": {
          "size": 8.0,
          "start": 56.0,
          "splitpoint": 0.0378775118153729,
          "maxDistance": 0.06363165485825453,
          "tid": 13.0,
          "quality": 0.7007447479358004,
          "bestDistBetweenValues": 0.0
        }
      }
    },
    {
      "start": 157,
      "end": 158,
      "trajectory": 10,
      "label": "E",
      "features": {},
      "maxValues": {
        "space": -1.0,
        "points": -1.0
      },
      "distances": [
        0.017330031736846333,
        0.0025367301787941063,
        0.03299727261456695,
        0.0012186057606953966,
        0.057040248947565445,
        0.005209126606254612,
        0.018530920106675546,
        0.01208780377074332,
        0.0044294469180704045,
        0.012922654526064689,
        0.004096950085124181,
        0.015677691156544476,
        0.01728192697588942,
        0.017947423213375887,
        0.01409201901786886,
        0.004514975082987455,
        0.0032726136343869546,
        0.002969848480982993,
        0.01572927207470059,
        0.05065160412069994,
        0.004589117562232073,
        0.059201942535697306,
        0.042610034029556564,
        0.01507481343168116,
        0.002491987158872822,
        0.0038124795081400514,
        0.027823281618098057,
        0.06032611374852494,
        0.060163277836234916,
        0.05989565927511176,
        0.05678247969224548,
        0.06318009971502425,
        0.07103414671832416,
        0.08561676237747115,
        0.06018384334686626,
        0.061798543672160956,
        0.06292638556281589,
        0.059407954012912274,
        0.06279789009194683,
        0.0665760091925019,
        0.08497470211774678,
        0.06480451373168261
      ],
      "positions": [
        91,
        64,
        158,
        78,
        133,
        107,
        30,
        14,
        1,
        41,
        121,
        156,
        176,
        9,
        163,
        40,
        158,
        185,
        145,
        175,
        79,
        67,
        0,
        172,
        186,
        120,
        111,
        11,
        103,
        105,
        39,
        0,
        13,
        0,
        23,
        10,
        35,
        14,
        110,
        115,
        0,
        17
      ],
      "quality": {
        "data": {
          "size": 2.0,
          "start": 157.0,
          "splitpoint": 0.05970164071366002,
          "maxDistance": 0.08499720583642477,
          "tid": 10.0,
          "quality": 0.5608166160264532,
          "bestDistBetweenValues": 0.0
        }
      }
    },
    {
      "start": 37,
      "end": 38,
      "trajectory": 96,
      "label": "C",
      "features": {},
      "maxValues": {
        "space": -1.0,
        "points": -1.0
      },
      "distances": [
        0.033308107121238745,
        0.006981045766933631,
        0.0012727922061360117,
        0.015440531078949169,
        0.013915279371971422,
        0.018870214625171515,
        0.07850719712230052,
        0.06138281518470529,
        0.013330603887292835,
        0.05448862266565021,
        0.05675830335730343,
        0.01625269208469816,
        0.0036742346141724956,
        0.07722276218836013,
        0.02482126104773829,
        0.06018197404538864,
        0.030753292506654255,
        0.05753942126924731,
        0.03573527668844672,
        0.012106403264390251,
        0.059099999999998036,
        0.002012461179751277,
        0.024762269685955296,
        0.0030813957876255544,
        0.010118053172426015,
        0.05765231998801203,
        0.014614034350581763,
        0.002204540768503046,
        7.937253933196255E-4,
        0.0010173494974688418,
        7.348469228346912E-4,
        0.005387485498819248,
        0.00656924653213975,
        0.02001586870460811,
        7.648529270409672E-4,
        7.348469228366856E-4,
        9.949874371065774E-4,
        4.7434164902976876E-4,
        9.000000000012331E-4,
        0.001081665382640494,
        0.02001924074484137,
        4.743416490252749E-4
      ],
      "positions": [
        34,
        87,
        4,
        26,
        30,
        36,
        33,
        17,
        83,
        20,
        133,
        56,
        124,
        82,
        131,
        24,
        188,
        152,
        55,
        91,
        106,
        7,
        53,
        72,
        98,
        127,
        47,
        1,
        89,
        14,
        124,
        1,
        13,
        0,
        15,
        14,
        29,
        24,
        32,
        115,
        1,
        105
      ],
      "quality": {
        "data": {
          "size": 2.0,
          "start": 37.0,
          "splitpoint": 0.0016818313782366637,
          "maxDistance": 0.07731768879111914,
          "tid": 96.0,
          "quality": 0.4996420484199689,
          "bestDistBetweenValues": 0.0
        }
      }
    },
    {
      "start": 42,
      "end": 107,
      "trajectory": 69,
      "label": "C",
      "features": {},
      "maxValues": {
        "space": -1.0,
        "points": -1.0
      },
      "distances": [
        0.06669374033595621,
        0.051058495865036614,
        0.020333682311957896,
        0.05772193532949014,
        0.027755417161667524,
        0.08464308219598496,
        1.7976931348623157E308,
        1.7976931348623157E308,
        0.06118378795964556,
        0.09968056708579322,
        0.09194493164142012,
        0.0580675860136664,
        0.03632932699624323,
        0.10301321627477085,
        0.046844995851890565,
        0.08653554708379026,
        0.07108346566473182,
        0.08593831032675836,
        0.0646690490813869,
        0.029073230423754336,
        0.08569164327560035,
        0.01485204301832521,
        0.044473081746153165,
        0.022152652211416365,
        0.04831963180925333,
        0.09233385324216395,
        0.04180500187559103,
        1.7976931348623157E308,
        0.018000340905862524,
        0.010413867502692601,
        0.021553232198020696,
        1.7976931348623157E308,
        1.7976931348623157E308,
        0.013520993777355156,
        0.021863980341273476,
        1.7976931348623157E308,
        0.01327406904799346,
        0.01916932919583101,
        0.010970000414353245,
        0.004683238972412755,
        0.012785752013294755,
        0.0062008430511873965
      ],
      "positions": [
        93,
        71,
        0,
        2,
        8,
        4,
        -1,
        -1,
        22,
        17,
        102,
        34,
        41,
        19,
        81,
        0,
        124,
        122,
        0,
        5,
        47,
        129,
        15,
        66,
        80,
        93,
        0,
        -1,
        6,
        31,
        41,
        -1,
        -1,
        0,
        9,
        -1,
        38,
        14,
        0,
        49,
        1,
        40
      ],
      "quality": {
        "data": {
          "size": 66.0,
          "start": 42.0,
          "splitpoint": 0.019004597965046666,
          "maxDistance": 0.10252751958731479,
          "tid": 69.0,
          "quality": 0.4775356402216852,
          "bestDistBetweenValues": 0.0
        }
      }
    }
  ]
}